authorid,firstname,lastname,biography,birthdate
1,Andrew,Hernandez,Mrs effect activity himself daughter positive. Rate president significant avoid agent deal chance. Entire manage work people center.,1992-11-13
2,Jason,Salazar,Certainly local position agent benefit. Mission woman there page firm population. Together that front one last sea face far. Policy range they education very.,2003-06-06
3,Tricia,Ramirez,"Head method class after weight. At trip discussion work land list seek. Step performance hand low.
Agreement task owner interview apply forward. Police expect find political.",1973-09-25
4,Samantha,Hart,"Forward happy very little. Tax remain environment picture our.
Take bad late forget media. Produce the nothing hit. West bill likely color which environmental site push.",1956-01-04
5,Derek,Barnes,"Town own year himself. Meet identify just surface former time beautiful direction.
Property since able arrive middle try. Down else pressure it dog now Mrs suffer.",1960-10-27
6,Kevin,Park,"Involve executive pull nor. Bar baby production street technology last near. Our card agree affect.
Agreement interesting natural fire team under job.",1936-05-17
7,John,Morse,Lot front cover there show people current call. Hard southern traditional bill clearly bill our. Skin left bed sing weight.,1991-11-27
8,Madison,Good,Apply strong too seek charge. Continue since recently defense onto. Easy chance take western minute them ready glass.,1990-11-26
9,Stephen,Cummings,Without any significant cost break campaign. One material summer alone before stay power deal. Hand picture old message.,1997-05-14
10,Katelyn,Snyder,"Use indicate discover rock industry. After can world finish build west responsibility special.
Would food receive plan. Despite common east computer local not. Where to turn she check himself from.",1970-10-23
11,Reginald,Moore,"Them able expect message discuss list.
Indeed financial while new. Moment cold different defense concern rise. Memory care seek address scene huge.",1998-09-12
12,Brad,Olson,Action image such possible report impact relationship. Quickly short tell. Could military light friend same author past.,1973-01-04
13,Andrew,Graham,Foot cost build add science section. World result with. Student professional hard man democratic hotel relationship.,1945-01-20
14,Logan,Kane,Whatever cup will seven hotel miss money. I difficult thing onto late. Also develop too determine head determine song.,1976-01-25
15,Matthew,Cobb,"Risk brother practice because like key artist scene. Clearly another drug instead despite thing exactly.
Open son movie newspaper space. Reach environmental send be lose pass look.",1971-09-30
16,Haley,Sandoval,How run position move writer boy bag. Defense require school. Forget response head as more Mr.,1991-06-03
17,Andrew,Morton,Foreign local reason standard usually site because. Process final either entire bad travel paper. Local reality own place about by.,1943-07-27
18,Todd,Walker,"Everybody its have player. Television move wife he.
Across instead someone trade movement machine finally appear. Woman use however available need.",1942-09-28
19,Ashley,Hughes,Peace simply history eat executive agency. Wide mother hour process share mother teach. Son full usually sure hot provide.,1944-07-12
20,Joseph,Nelson,"Husband subject evidence easy arm night.
They would act recently. Serious great stock dark.
Future drop life ask work. Care there pay hour dream. Clearly second how still.",1991-03-28
21,Devin,Cox,Now morning ask development. Interest on particularly democratic. Coach TV book boy campaign senior.,1939-10-18
22,Ronald,Sanford,"Garden since read pressure. Too hit line ready movie occur.
Night daughter wind just candidate agreement wear. Become country race. Security hear run entire his different time.",1980-12-18
23,Jacob,Jacobs,Send college kind give stuff. People thing morning camera modern adult onto decision.,1955-04-01
24,Eric,Phillips,"Friend send then prepare. Tv along able its about.
Off different about. Carry TV edge leave practice tax.
Other sometimes at low sport natural. Occur choice cold everybody although.",1946-04-12
25,Jacob,Caldwell,"Wide officer entire eat. Professor contain computer owner glass meeting offer.
Full including hair future gas which. Father prepare house prepare officer look enjoy.",1943-05-06
26,Curtis,Fisher,Natural beyond woman usually poor drop reality. Brother other thing decision soon oil. If hour perform away score anything or.,1991-05-22
27,Sarah,Howard,Before become kind state effect newspaper identify.,1971-01-23
28,Randy,Oconnor,"Over anyone with seem explain seat into. Meeting key performance particular increase not commercial.
Outside require eye already each. Recognize share world. Direction be piece job.",1955-08-12
29,William,Ramos,"Involve test cell last while senior.
Phone stop good interview. Read season system. Different human western sea.
Create they coach give. Involve four evening prepare most blood crime bed.",1983-08-09
30,Tiffany,Moon,"Measure rest particularly parent region sit since thought. Son sometimes film support serve final western not. Pm drop blood our.
Throughout best unit gun relate. Son very move notice moment.",1936-11-16
31,Terry,Hanna,"Operation investment husband about leave lay. Reach our indeed general his note budget.
Very customer team beat role. Conference million follow. Open model enjoy law.",1962-03-29
32,Jeffrey,Walker,"Research beautiful middle technology Republican certain experience industry. Then major soon lot.
Bag indeed attack if early area end. Yourself arrive so term true business its.",1969-12-23
33,Kevin,Martinez,"Nature minute or myself wife.
Recently response state report many. Require may high finish.
Owner seven few evening change point today. Number education detail culture tree also.",1979-04-04
34,Matthew,Wilson,"Interview lawyer education.
Good wrong prepare art future how. Tend kitchen about large sing.
Nearly hour either air fast or. Rock be sport.",1985-09-10
35,Francisco,Brown,"Power voice be field friend high. Effort skin no skill.
Information age ahead seek section beyond including hour. Almost learn public paper history.",1965-04-23
36,Kelsey,Jones,"Not family near budget how. Discuss field front production mean.
Individual pressure far especially population six. Join past project identify.",1941-11-03
37,Jonathan,May,Fact gun network fight hope require. Science let series. Finally behavior past hospital. Already year himself expect yet another will.,1952-01-11
38,David,Davis,Although look house successful cultural. Which player eye recognize nothing art this. Responsibility some that usually follow letter shoulder.,1968-03-10
39,Dominic,Brown,"Student must time term decision finish. Weight week budget agency effect image.
Anything couple if perhaps deal analysis easy. Shoulder we chance care government. Woman language author person.",1995-04-13
40,Daniel,Kim,"Offer cell push baby hard.
Cut answer age school military affect heart. College piece car much. War name operation station him source couple nearly.",1940-01-10
41,Victoria,Ellis,Late her national drive threat nice. Bar carry fall environmental. Outside act ground significant same court music. President every play issue gun development building.,2003-02-06
42,Alan,Barnes,"Wish out she usually base nature. Before society worker recognize policy building fill.
Then notice compare civil tonight. Fund course around tend decide.",1943-08-11
43,Nathan,James,"Woman cause lot expect similar standard. Entire attention back risk early something.
Rule charge executive can serve book option. Build assume community. Meet room describe matter term pull.",1953-04-03
44,Tyler,Zimmerman,"They item group someone out. Woman before still difficult experience window. Including phone participant cultural whom big eight.
Reflect bit event special reveal. Forget share subject always.",1956-05-28
45,Eric,Mcpherson,"Parent seek important recognize hope. Staff window news again arm career.
Standard argue beautiful last available ready apply. Off ball middle leg guy. According over point central exactly list.",1945-05-12
46,Colleen,Cook,"Relationship break article. Personal party follow else human possible.
Partner carry month federal. Say staff age stock before avoid.",2002-04-29
47,Joseph,Gardner,Here country weight. Get safe majority might nice language. Body blue effect heart sing example develop individual. Between full house hope beat.,1946-11-28
48,Micheal,Butler,Treatment speech anyone public. Man join window others success stand. Wait attention page. Fill democratic believe fly.,1966-06-07
49,Kimberly,Bonilla,"Way country test scientist store consumer summer senior. Interview Congress campaign network us.
Citizen for treatment. Mother trouble by body thus show. Newspaper paper blood little their.",1959-04-24
50,Gary,Pennington,Over last city return long threat. Finish about student range court somebody. Want anyone think.,1976-10-27
51,Heather,Galvan,"Level including down work eat draw. Project coach fish art page network either.
Mention south increase address. According difficult fly easy sell law.",1961-10-09
52,Cynthia,Kennedy,"Southern far leader nothing. Party civil respond you blood.
Instead already ground add school sister treatment. Prepare claim drive me offer cover.",1998-05-23
53,Carrie,George,Stay owner administration several from mouth. Majority pull test matter nearly case camera.,1987-03-11
54,John,Meadows,Win note important enjoy education best. Because pick score. More treatment build feel score ever.,1943-02-20
55,Charles,Morris,"Would voice among one goal. Eight business start home.
Race big two evening piece energy. Government include deal. Chance blue college card tree. Seat performance agent condition.",1941-04-12
56,Brent,Williams,Career prove lay company early. Structure own level draw state professor. Energy east skin positive.,1996-08-22
57,Alexandra,Holmes,Subject forget tend wall investment focus. Development seem various member. Language stuff beat audience prepare. Attorney military story by prove marriage if light.,2001-09-02
58,Brenda,Wheeler,Unit call other account. Care policy look control report particular bank now. Build employee large commercial challenge.,1958-12-29
59,Frank,Mercer,"Old never crime yeah. Accept remember south late cup.
Year foot point enjoy system seven source cell.
Expect no source middle like. Everyone scene example full measure.",1936-09-19
60,Kristin,Serrano,Sell these worry expect nearly situation enough after. Answer hand determine know. Blood never large painting you.,2003-09-20
61,James,Page,"Able environment lose where. Assume bill decade course cold several. Person wear Congress day reduce term day.
Name by event model. Find important spring leave cultural.",1988-02-06
62,Jon,Jones,Practice computer ground matter. Else director grow nothing test recognize performance. Score evening method baby study chance.,1991-11-02
63,Dakota,Dillon,"Network character federal ball. Station enough even light somebody story ever. So maybe dinner.
Democrat foot history store. Right participant learn campaign certain positive beyond.",1958-03-27
64,Kimberly,Chung,"Sign parent through civil sea dream.
Billion let appear positive less. Particular everybody director too. Many something along individual return land consumer our.
Black cultural simple defense.",1982-05-12
65,James,Pruitt,"Ok produce man vote total official. Finish just arm effect new least.
Special lose measure process part out. Receive start fine fund. Story picture civil we subject.",1964-09-12
66,Debra,Walters,"Country win hard certain game food. Camera various discussion late before situation.
Rather right since may. Letter couple enough each second.",1935-11-25
67,Regina,Fox,View program stage choice will candidate threat. Not follow for produce huge plant board. Pretty management center design company.,1981-11-06
68,Allen,Decker,Response responsibility turn indicate describe. South available necessary name of argue although. Can support thought suffer laugh camera.,1951-02-06
69,Jamie,Sullivan,Get ground as hospital candidate bad sort serious. Manage hit project five compare ask. Though walk least image. Happen peace body figure involve direction.,1958-09-28
70,Crystal,Leonard,Make town situation matter charge herself. City late truth miss leave leg through. Memory remember base social medical network.,1937-09-18
71,James,Peck,"Himself go decade debate. End campaign recent detail increase hard cover. Society blue among science parent record else sit.
Them among certain suffer last. Would side national cup candidate.",1953-03-29
72,Daniel,Whitehead,"Already prove stay wait. Total bag feel prepare enough home pull. Physical inside husband camera.
Election dark important chance have. Art wish low computer. Everyone attorney traditional.",1972-06-20
73,Scott,Stone,"Official service yes clear player. Culture fish thus ready school much sport.
Country before structure. Occur north economy whose themselves. Discover family wrong success nearly thousand.",1951-12-15
74,Kathryn,Herrera,Music interesting hundred protect. Company set set this. Hit management establish choose.,1975-01-03
75,Joyce,Brown,"City option show former require theory. Run collection drop cost prepare plant.
Development fish relationship event light prove fish can. Meeting rate center far lose.",1971-04-20
76,Katrina,Young,"Later why professor check. Data value carry deep face color.
Not seven hospital. Student TV total artist thus history tonight.",1952-04-08
77,Sandra,Rodriguez,"Various generation no worker rest here. Red happy outside. Stock fly share shoulder.
Future citizen enjoy about recognize blood bill. Cold decade common white. Future field hour night.",1953-01-06
78,Adrian,Boyd,Church light little future hand close tell. Shoulder wonder thousand particular. Generation news response concern.,1976-04-05
79,Patrick,Henry,"Across state study fear. Feeling trip goal Congress. Education manager management be.
Job few system require. Agency bar adult similar enter land agree.",1943-09-01
80,Robert,Santos,"Case tree old able green. Southern probably building give alone forget. Red all early event write save.
Sort painting Mrs wall understand fill certainly.",1990-12-21
81,William,Campos,"The owner crime throughout. Down region floor. Fine both challenge coach involve serious rise.
Research worry girl service may also. Of father tree billion choice southern state.",1975-02-23
82,Dennis,Washington,Age play law happy effort available. Stuff fear fill central many sport force. Value too begin law place career window rule.,1982-11-06
83,Melissa,Hayes,Set truth these them less. Reach range artist field. Peace follow officer small drop life.,1935-03-05
84,Ashley,Hansen,Should discover hospital part task. Recognize take apply eight support drive play. Water fund tell plan professional blue.,1984-08-01
85,Michael,Tucker,American could quickly suggest prevent direction article your. Face sit civil drive scientist. Seek wrong pass choice evidence. Lay every charge grow.,1975-06-24
86,Kyle,Snyder,"Herself experience enough through pay. Step interview wish low who arm return. Rise Mrs eye movement budget.
Bring often deal read reach bill. Could center stop.
Watch many see.",1994-10-09
87,Jared,Martin,East population figure want dinner. Generation today enter attorney gas way although because.,1993-09-28
88,Cody,Hayden,"Suffer near these conference.
Piece say beat close individual. Degree catch behind similar foreign where.",1957-02-14
89,Maurice,Lin,"Ahead pick respond this perform data. Three it raise religious.
Bag assume media community. Hope bad follow throughout amount approach.
Land scientist form now. Threat enough us already article.",1934-11-22
90,Anthony,Bartlett,"Especially poor spring garden he thought. Against little song national foot focus reach.
Responsibility home learn matter wall expect.",1989-01-16
91,Douglas,Stephens,"Together least inside movie reality wide. Four better oil arrive that level.
Poor actually actually similar nation notice measure word. Address mouth scientist tree budget late condition.",1969-12-01
92,Cindy,Chandler,"Skin despite least. Suffer at past one explain should.
Seat network different near. Realize degree front others civil child.
Indeed skin box him. Name population itself walk send.",1992-04-15
93,Michael,Peterson,"Drug base morning likely like. Effort order modern individual firm. Pick hand same become value live summer.
Senior little year boy country. Benefit some record outside.",1997-08-04
94,Mark,Carlson,"Risk against process firm full hold song.
Available scientist ago head here nothing better movement. Size among law difference responsibility bad.
Box home environment officer trade billion.",1998-10-23
95,Tracy,Black,"Staff lot water onto. Force industry moment pattern than spend building. Hold visit stay old.
Laugh whom soldier former. Idea trade story treatment build film who.",1941-01-09
96,Lauren,Hudson,"Church agree quickly hear Congress. Approach commercial end.
Once ago wife conference heart week start husband. Agency section fish type response.",1977-08-26
97,Julie,Rogers,"Reveal likely stay. Person tell oil fall.
Visit form thing all rather. Radio admit enough rate church discover.
Want training specific surface rise main.",1977-04-19
98,Nichole,Jones,"Once individual piece help window truth like. Nature lose act home hour main major. Citizen former treat system report edge to.
Will blue six. High president southern attack remember.",1976-11-13
99,Dakota,Cooper,Clear moment party pressure include area staff from. Strong citizen particularly decide each member plant. Often from need own close employee.,1988-09-02
100,Kimberly,Young,Season help another structure off. Office long letter record old. Child industry month piece likely.,1949-12-29
