1,quality
2,around
3,end
4,produce
5,hear
6,politics
7,coach
8,full
9,tend
10,live
11,who
12,short
13,maintain
14,power
15,kitchen
16,score
17,believe
18,grow
19,feel
20,week
21,through
22,travel
23,course
24,send
25,human
26,however
27,exist
28,local
29,little
30,easy
31,one
32,ask
33,crime
34,order
35,thought
36,pattern
37,meeting
38,society
39,style
40,seem
41,color
42,raise
43,happy
44,baby
45,right
46,usually
47,character
48,fight
49,another
50,popular
51,us
52,later
53,radio
54,each
55,process
56,need
57,arm
58,small
59,away
60,sit
61,strategy
62,catch
63,way
64,several
65,national
66,light
67,summer
68,per
69,man
70,individual
71,kid
72,possible
73,so
74,weight
75,decade
76,sometimes
77,than
78,cold
79,position
80,computer
81,project
82,fire
83,last
84,as
85,focus
86,article
87,difference
88,democratic
89,eat
90,throughout
91,support
92,reality
93,win
94,will
95,suggest
96,glass
97,television
98,some
99,table
100,huge
