1,John,Hunt,patriciashaw@example.com,2024-04-30,Active
2,Kristin,King,greenchristopher@example.org,2021-03-28,Active
3,Edward,Mitchell,susanpadilla@example.org,2024-07-17,Inactive
4,James,Soto,jeffreymorrow@example.net,2023-11-11,Inactive
5,Samuel,Willis,lhenderson@example.org,2020-05-13,Inactive
6,Ashley,Martin,michaelmendez@example.org,2023-04-11,Active
7,Edward,Terry,cking@example.org,2023-10-17,Active
8,Ryan,Mullen,francisshari@example.net,2020-06-04,Active
9,Melissa,Stewart,castanedaapril@example.com,2023-03-15,Active
10,Heather,Graham,epatrick@example.org,2020-08-21,Inactive
11,Lisa,Williams,katie04@example.com,2024-01-17,Inactive
12,Rebecca,Baker,dennis40@example.org,2021-12-06,Active
13,Kristen,Webb,mjohnson@example.org,2023-01-25,Inactive
14,Bobby,Parker,william15@example.com,2020-03-09,Active
15,Amanda,Wolfe,cmartin@example.com,2022-12-22,Inactive
16,Martin,Brown,kristinawilliams@example.com,2022-11-20,Active
17,Maria,Miller,mccartyjohnny@example.com,2021-10-24,Active
18,Michelle,Reid,laurenlucas@example.com,2021-08-09,Inactive
19,Reginald,Caldwell,michaelrice@example.net,2024-05-18,Active
20,Nathan,Miles,jessicanielsen@example.net,2024-02-17,Active
21,Kenneth,Schmitt,kayla91@example.org,2021-05-12,Active
22,Catherine,King,katherinebullock@example.com,2022-02-15,Inactive
23,Elizabeth,Adams,ojohnson@example.org,2021-02-11,Inactive
24,Andrea,Harrison,adam59@example.org,2021-05-06,Active
25,Matthew,Griffin,leroy97@example.org,2023-12-13,Active
26,Jeffrey,White,rjohnson@example.com,2023-06-26,Inactive
27,Margaret,Wilkinson,jeffreycarlson@example.net,2022-08-20,Active
28,Matthew,Lozano,tamara50@example.net,2024-07-13,Active
29,Kevin,Dunn,david10@example.com,2023-01-17,Inactive
30,Christine,Carr,cjacobs@example.net,2021-01-09,Inactive
31,Pamela,Neal,christian75@example.com,2021-08-03,Inactive
32,Kristin,Walter,bradshawjoanne@example.com,2024-02-16,Active
33,John,Duffy,leahhuff@example.org,2023-03-14,Active
34,Stephen,Knox,rachel33@example.com,2022-03-16,Active
35,Andre,Adams,jeremy07@example.org,2022-09-09,Inactive
36,Kenneth,Green,eherring@example.com,2021-05-28,Inactive
37,Amber,Barnes,ubeard@example.net,2024-09-06,Active
38,Abigail,Choi,lorettacook@example.com,2022-03-25,Active
39,Tracy,Sullivan,regina18@example.net,2024-04-02,Inactive
40,James,Gross,christine05@example.net,2023-05-28,Inactive
41,Julia,Davis,pbyrd@example.net,2022-03-26,Active
42,Jennifer,Sullivan,traceysmith@example.net,2020-08-10,Inactive
43,Mitchell,Lewis,jonathan39@example.net,2020-08-29,Active
44,Kelly,Johnson,brayelizabeth@example.org,2024-02-15,Inactive
45,Jeffrey,Smith,james71@example.org,2022-03-06,Active
46,Kenneth,Cabrera,lschaefer@example.com,2022-02-20,Active
47,Laura,Nelson,cynthiawheeler@example.org,2023-06-15,Active
48,Christopher,Garner,qflores@example.com,2024-06-04,Inactive
49,Tony,Brock,edwardodonnell@example.com,2023-05-17,Inactive
50,Scott,Good,aadams@example.net,2023-12-19,Inactive
51,Larry,Lopez,umullen@example.net,2023-06-12,Inactive
52,Connie,Brown,brownelizabeth@example.net,2024-04-21,Active
53,David,Frye,bcarlson@example.com,2020-06-21,Active
54,Paul,Foster,icarlson@example.org,2021-04-28,Inactive
55,Christina,Singleton,vchurch@example.org,2020-10-21,Inactive
56,Sarah,Turner,robert91@example.org,2020-07-16,Inactive
57,Shawna,Montgomery,morganemily@example.net,2023-06-28,Inactive
58,Crystal,Lang,wallacedeanna@example.net,2022-04-06,Active
59,Joshua,Lopez,jennifer03@example.org,2024-01-17,Active
60,Terri,Lewis,sanchezlisa@example.com,2020-08-28,Active
61,Phillip,Gamble,jeffreyrosales@example.org,2021-12-08,Active
62,Kari,Miller,kimberly79@example.net,2020-12-02,Inactive
63,Joshua,Davis,bassjennifer@example.com,2022-02-12,Active
64,Curtis,Harris,ybooker@example.net,2024-03-31,Inactive
65,Jason,Mitchell,msantana@example.org,2021-06-04,Inactive
66,Matthew,Reynolds,michele43@example.org,2021-12-11,Inactive
67,Christopher,Sosa,meredith66@example.com,2022-12-20,Active
68,Thomas,Johnson,davidboyle@example.com,2023-08-08,Active
69,Amber,Henderson,mark16@example.org,2023-09-23,Inactive
70,Amy,Cortez,zthomas@example.com,2022-05-13,Inactive
71,Dwayne,Morales,owerner@example.com,2021-05-14,Active
72,James,Smith,gvilla@example.com,2024-03-09,Active
73,Robert,Mcguire,christopher00@example.org,2020-03-27,Active
74,Larry,Alexander,cruzbrittany@example.net,2024-05-02,Active
75,Sharon,Martinez,jeremiah48@example.net,2022-03-24,Inactive
76,Diane,Torres,williamfreeman@example.net,2023-01-03,Active
77,Lindsey,Johnson,jbaldwin@example.com,2020-05-07,Inactive
78,Christopher,Jordan,christophermccall@example.org,2023-09-11,Inactive
79,Paul,Soto,mcastro@example.net,2024-07-30,Active
80,Richard,Moore,pacechristopher@example.net,2020-06-23,Active
81,Keith,Jones,markwilkins@example.org,2022-01-11,Active
82,Richard,Sexton,anthony65@example.net,2023-01-28,Active
83,Joshua,Contreras,brian24@example.com,2022-04-29,Active
84,Douglas,Pennington,kayla02@example.net,2021-10-17,Inactive
85,Stephen,Hurley,jeffreyperez@example.net,2022-11-22,Inactive
86,Michael,Reynolds,christopherscott@example.net,2023-07-02,Active
87,Omar,Jones,barkersharon@example.net,2024-03-27,Active
88,David,Davis,cindyyoder@example.com,2022-11-29,Inactive
89,Scott,Barnes,mcgeejeffrey@example.com,2020-12-13,Active
90,Nicholas,Watkins,william98@example.org,2023-04-16,Inactive
91,Alex,Aguilar,laura38@example.org,2023-04-11,Inactive
92,Theresa,Valdez,reevestamara@example.org,2024-09-11,Inactive
93,Justin,Stephenson,conniepowell@example.com,2021-09-11,Inactive
94,Jeffrey,Jennings,joseph81@example.net,2022-01-28,Inactive
95,Annette,Bishop,shannon15@example.net,2024-01-03,Inactive
96,Julie,Moore,knightcarolyn@example.com,2023-01-10,Active
97,Audrey,Burns,wellscharles@example.net,2022-06-25,Active
98,Jose,Smith,moodyveronica@example.com,2022-09-05,Inactive
99,Lisa,Williams,elizabeth88@example.com,2024-08-31,Inactive
100,Christopher,Butler,andreagibbs@example.com,2024-05-22,Inactive
